legid,class,userid,tripid,start_lat,start_lon,constart,end_lat,end_lon,start_name,start_country,Definition,Start_Place,end_name,end_country,Definition2,motid,leg_distance,worthwhileness_rating,transport_category,campaign,weekday,weekday_class,activity
#24:39565,Leg,IYFqKamhclckUqabBsHOiCNPbcd2,#31:17066,50.832,4.404,50.8324.404,50.832,4.403,Brussels,BEL,Belgium,"Brussels, Belgium",Brussels,BEL,Belgium,7,28,5,walking,BEL,Tuesday,Working_day,Walking
#22:4284,Leg,yXPR9mf9wfMU0yjf89NcbtRMudf1,#32:1738,50.844,4.382,50.8444.382,50.845,4.382,Brussels,BEL,Belgium,"Brussels, Belgium",Brussels,BEL,Belgium,7,51,3.75,walking,BEL,Monday,Working_day,Walking
#25:5652,Leg,kgF4dsYgK6RN1Qp0kzJVyWnDaUe2,#32:2320,50.832,4.34,50.8324.34,50.832,4.341,Brussels,BEL,Belgium,"Brussels, Belgium",Brussels,BEL,Belgium,7,64,3.5,walking,BEL,Wednesday,Working_day,Walking
#25:34858,Leg,4bzY2zv9MLN1bu1u35n1CoGahEY2,#32:14930,50.88,4.416,50.884.416,50.88,4.415,Brussels,BEL,Belgium,"Brussels, Belgium",Brussels,BEL,Belgium,7,67,4,walking,BEL,Friday,Working_day,Walking
#25:17962,Leg,Jk2WYuKqb3b1jZtHN1vpOLA3sjW2,#33:7539,50.849,4.356,50.8494.356,50.849,4.355,Brussels,BEL,Belgium,"Brussels, Belgium",Brussels,BEL,Belgium,7,107,5,walking,BEL,Wednesday,Working_day,Walking
#24:15353,Leg,btU0wMa5UAdVIzaf66s50bdPJOx2,#30:6498,50.843,4.381,50.8434.381,50.843,4.382,Brussels,BEL,Belgium,"Brussels, Belgium",Brussels,BEL,Belgium,7,115,5,walking,BEL,Saturday,Weekend,Walking
#22:22028,Leg,TWq1AUbD1zfNesNCbdLWK1vMhO22,#31:9372,50.849,4.358,50.8494.358,50.85,4.357,Brussels,BEL,Belgium,"Brussels, Belgium",Brussels,BEL,Belgium,7,141,4,walking,BEL,Wednesday,Working_day,Walking
#24:7847,Leg,U5soJC7zkmbkpx0sJN993OUa8Hw2,#32:3228,50.891,4.336,50.8914.336,50.892,4.335,Brussels,BEL,Belgium,"Brussels, Belgium",Brussels,BEL,Belgium,7,149,5,walking,BEL,Saturday,Weekend,Walking
#25:19443,Leg,dzixUVrIRAQy3PJzTU5cfWGDI0s2,#30:8277,50.851,4.401,50.8514.401,50.852,4.402,Brussels,BEL,Belgium,"Brussels, Belgium",Brussels,BEL,Belgium,7,153,4,walking,BEL,Monday,Working_day,Walking
#24:18072,Leg,ySgpbLkmdOeFIbDFT4wIYvv2RvY2,#33:7575,50.853,4.354,50.8534.354,50.854,4.353,Brussels,BEL,Belgium,"Brussels, Belgium",Brussels,BEL,Belgium,7,158,2,walking,BEL,Wednesday,Working_day,Walking
#23:24792,Leg,ScbvqnrCywYbFcB3s6bMJNBf1v33,#32:10506,50.851,4.39,50.8514.39,50.85,4.391,Brussels,BEL,Belgium,"Brussels, Belgium",Brussels,BEL,Belgium,7,173,3.5,walking,BEL,Wednesday,Working_day,Walking
#24:28577,Leg,YD1NWKS6MmgyvWhJhtKZvYIVc2l2,#31:12205,50.843,4.384,50.8434.384,50.844,4.384,Brussels,BEL,Belgium,"Brussels, Belgium",Brussels,BEL,Belgium,7,176,5,walking,BEL,Wednesday,Working_day,Walking
#25:8244,Leg,xVmMPhHKRUOFFjghmp6dbVf3UYx2,#31:3423,50.852,4.356,50.8524.356,50.851,4.354,Brussels,BEL,Belgium,"Brussels, Belgium",Brussels,BEL,Belgium,7,179,4,walking,SVK,Tuesday,Working_day,Walking
#22:8629,Leg,xVmMPhHKRUOFFjghmp6dbVf3UYx2,#32:3519,50.856,4.36,50.8564.36,50.857,4.36,Brussels,BEL,Belgium,"Brussels, Belgium",Brussels,BEL,Belgium,7,179,3,walking,SVK,Thursday,Working_day,Walking
#23:20525,Leg,TWq1AUbD1zfNesNCbdLWK1vMhO22,#31:8709,50.85,4.358,50.854.358,50.849,4.358,Brussels,BEL,Belgium,"Brussels, Belgium",Brussels,BEL,Belgium,7,184,4,walking,BEL,Wednesday,Working_day,Walking
#22:20417,Leg,dzixUVrIRAQy3PJzTU5cfWGDI0s2,#33:8565,50.839,4.367,50.8394.367,50.839,4.366,Brussels,BEL,Belgium,"Brussels, Belgium",Brussels,BEL,Belgium,7,190,4,walking,BEL,Thursday,Working_day,Walking
#24:19758,Leg,YD1NWKS6MmgyvWhJhtKZvYIVc2l2,#33:8286,50.849,4.321,50.8494.321,50.848,4.321,Brussels,BEL,Belgium,"Brussels, Belgium",Brussels,BEL,Belgium,7,192,5,walking,BEL,Tuesday,Working_day,Walking
#25:23535,Leg,iO8CmmLFKwhlBzEh0f9Hf2w9iWr2,#32:10039,50.868,4.334,50.8684.334,50.867,4.331,Brussels,BEL,Belgium,"Brussels, Belgium",Brussels,BEL,Belgium,7,193,3,walking,BEL,Monday,Working_day,Walking
#25:20197,Leg,igigwkvk1xfKFR1ySEPkpRTNN862,#30:8637,50.765,4.47,50.7654.47,50.765,4.475,Brussels,BEL,Belgium,"Brussels, Belgium",Brussels,BEL,Belgium,7,198,5,walking,BEL,Thursday,Working_day,Walking
#23:25087,Leg,t9qpQxe8N3gN7NQVHf6FodRYBug1,#31:10705,50.845,4.385,50.8454.385,50.844,4.384,Brussels,BEL,Belgium,"Brussels, Belgium",Brussels,BEL,Belgium,7,201,3,walking,BEL,Thursday,Working_day,Walking
#25:19626,Leg,dzixUVrIRAQy3PJzTU5cfWGDI0s2,#30:8365,50.853,4.387,50.8534.387,50.854,4.385,Brussels,BEL,Belgium,"Brussels, Belgium",Brussels,BEL,Belgium,7,201,4,walking,BEL,Tuesday,Working_day,Walking
#22:8516,Leg,IGpJc0Az17bxe4MT6pHDx6lQ3LD2,#32:3481,50.862,4.348,50.8624.348,50.86,4.348,Brussels,BEL,Belgium,"Brussels, Belgium",Brussels,BEL,Belgium,7,212,4,walking,BEL,Thursday,Working_day,Walking
#22:15531,Leg,zXlIdCrAuQhir2WyDvF05sUxpnA2,#31:6517,50.878,4.384,50.8784.384,50.879,4.385,Brussels,BEL,Belgium,"Brussels, Belgium",Brussels,BEL,Belgium,7,212,4,walking,BEL,Thursday,Working_day,Walking
#23:19794,Leg,dzixUVrIRAQy3PJzTU5cfWGDI0s2,#32:8308,50.853,4.383,50.8534.383,50.854,4.385,Brussels,BEL,Belgium,"Brussels, Belgium",Brussels,BEL,Belgium,7,213,4,walking,BEL,Tuesday,Working_day,Walking
#22:7127,Leg,kgF4dsYgK6RN1Qp0kzJVyWnDaUe2,#30:2955,50.847,4.391,50.8474.391,50.846,4.389,Brussels,BEL,Belgium,"Brussels, Belgium",Brussels,BEL,Belgium,7,214,5,walking,BEL,Friday,Working_day,Walking
#22:24744,Leg,t9qpQxe8N3gN7NQVHf6FodRYBug1,#33:10439,50.845,4.348,50.8454.348,50.847,4.348,Brussels,BEL,Belgium,"Brussels, Belgium",Brussels,BEL,Belgium,7,215,4,walking,BEL,Wednesday,Working_day,Walking
#24:18410,Leg,YD1NWKS6MmgyvWhJhtKZvYIVc2l2,#31:7823,50.864,4.296,50.8644.296,50.863,4.297,Brussels,BEL,Belgium,"Brussels, Belgium",Brussels,BEL,Belgium,7,215,5,walking,BEL,Thursday,Working_day,Walking
#25:37949,Leg,Zj62iyVNq2PEAWH6kVatEsZu5tv1,#30:16425,50.735,4.235,50.7354.235,50.73,4.23,Brussels,BEL,Belgium,"Brussels, Belgium",Brussels,BEL,Belgium,7,228,6,walking,BEL,Saturday,Weekend,Walking
#25:19235,Leg,igigwkvk1xfKFR1ySEPkpRTNN862,#31:8158,50.935,4.035,50.9354.035,50.94,4.035,Brussels,BEL,Belgium,"Brussels, Belgium",Brussels,BEL,Belgium,7,229,5,walking,BEL,Sunday,Weekend,Walking
#22:20146,Leg,CWWoORPnn1brx2KQNfalF3wQrNC2,#32:8459,50.849,4.347,50.8494.347,50.849,4.344,Brussels,BEL,Belgium,"Brussels, Belgium",Brussels,BEL,Belgium,7,237,3,walking,BEL,Tuesday,Working_day,Walking
#24:11824,Leg,O88QbwQ6ghOcPHJ94xPjI230VcB3,#32:4893,50.85,4.392,50.854.392,50.849,4.39,Brussels,BEL,Belgium,"Brussels, Belgium",Brussels,BEL,Belgium,7,239,4,walking,BEL,Friday,Working_day,Walking
#24:20863,Leg,Zj62iyVNq2PEAWH6kVatEsZu5tv1,#33:8798,50.93,4.43,50.934.43,50.93,4.425,Brussels,BEL,Belgium,"Brussels, Belgium",Brussels,BEL,Belgium,7,248,5,walking,BEL,Saturday,Weekend,Walking
#24:19818,Leg,CWWoORPnn1brx2KQNfalF3wQrNC2,#31:8392,50.849,4.347,50.8494.347,50.849,4.344,Brussels,BEL,Belgium,"Brussels, Belgium",Brussels,BEL,Belgium,7,252,5,walking,BEL,Monday,Working_day,Walking
#25:20232,Leg,YD1NWKS6MmgyvWhJhtKZvYIVc2l2,#30:8654,50.846,4.378,50.8464.378,50.847,4.38,Brussels,BEL,Belgium,"Brussels, Belgium",Brussels,BEL,Belgium,7,252,5,walking,BEL,Thursday,Working_day,Walking
#25:21587,Leg,CWWoORPnn1brx2KQNfalF3wQrNC2,#33:9145,50.849,4.344,50.8494.344,50.849,4.346,Brussels,BEL,Belgium,"Brussels, Belgium",Brussels,BEL,Belgium,7,254,4,walking,BEL,Monday,Working_day,Walking
#22:15869,Leg,vlBTTWAlYqTwugoby3qyjC9DUI33,#31:6652,50.849,4.401,50.8494.401,50.848,4.399,Brussels,BEL,Belgium,"Brussels, Belgium",Brussels,BEL,Belgium,7,257,5,walking,BEL,Tuesday,Working_day,Walking
#23:20112,Leg,CWWoORPnn1brx2KQNfalF3wQrNC2,#33:8430,50.849,4.344,50.8494.344,50.849,4.347,Brussels,BEL,Belgium,"Brussels, Belgium",Brussels,BEL,Belgium,7,257,3,walking,BEL,Tuesday,Working_day,Walking
#22:20845,Leg,v35MmhsqJ1SKKaVqytmNyHRlrSj1,#33:8755,50.843,4.38,50.8434.38,50.843,4.383,Brussels,BEL,Belgium,"Brussels, Belgium",Brussels,BEL,Belgium,7,263,5,walking,BEL,Friday,Working_day,Walking
#23:22303,Leg,CWWoORPnn1brx2KQNfalF3wQrNC2,#31:9525,50.849,4.347,50.8494.347,50.849,4.344,Brussels,BEL,Belgium,"Brussels, Belgium",Brussels,BEL,Belgium,7,264,4,walking,BEL,Tuesday,Working_day,Walking
#22:8467,Leg,U5soJC7zkmbkpx0sJN993OUa8Hw2,#31:3493,50.845,4.34,50.8454.34,50.843,4.341,Brussels,BEL,Belgium,"Brussels, Belgium",Brussels,BEL,Belgium,7,270,3,walking,BEL,Wednesday,Working_day,Walking
#24:3713,Leg,kgF4dsYgK6RN1Qp0kzJVyWnDaUe2,#31:1583,50.845,4.385,50.8454.385,50.846,4.384,Brussels,BEL,Belgium,"Brussels, Belgium",Brussels,BEL,Belgium,7,275,5,walking,BEL,Friday,Working_day,Walking
#24:19816,Leg,CWWoORPnn1brx2KQNfalF3wQrNC2,#31:8391,50.849,4.344,50.8494.344,50.849,4.347,Brussels,BEL,Belgium,"Brussels, Belgium",Brussels,BEL,Belgium,7,278,5,walking,BEL,Monday,Working_day,Walking
#24:14948,Leg,xNYM910kV9SpRzfF8oMLTEa2ItS2,#30:6323,50.847,4.391,50.8474.391,50.847,4.387,Brussels,BEL,Belgium,"Brussels, Belgium",Brussels,BEL,Belgium,7,280,5,walking,BEL,Wednesday,Working_day,Walking
#25:5084,Leg,kgF4dsYgK6RN1Qp0kzJVyWnDaUe2,#31:2110,50.847,4.39,50.8474.39,50.846,4.388,Brussels,BEL,Belgium,"Brussels, Belgium",Brussels,BEL,Belgium,7,293,4,walking,BEL,Monday,Working_day,Walking
#22:22335,Leg,CWWoORPnn1brx2KQNfalF3wQrNC2,#30:9564,50.849,4.344,50.8494.344,50.849,4.347,Brussels,BEL,Belgium,"Brussels, Belgium",Brussels,BEL,Belgium,7,302,3,walking,BEL,Tuesday,Working_day,Walking
#24:23017,Leg,4ZfTYSt0erSVLAeGC28PY1Z8bbS2,#33:9791,50.858,4.388,50.8584.388,50.858,4.385,Brussels,BEL,Belgium,"Brussels, Belgium",Brussels,BEL,Belgium,7,306,3,walking,BEL,Friday,Working_day,Walking
#24:20579,Leg,R9EJzucqISO6GOi8nrRGZR0IWFa2,#30:8796,50.859,4.356,50.8594.356,50.856,4.356,Brussels,BEL,Belgium,"Brussels, Belgium",Brussels,BEL,Belgium,7,308,3.643,walking,BEL,Friday,Working_day,Walking
#22:24911,Leg,onEy0MLMEebOR5LZlj9TkjUGASJ3,#31:10607,50.84,4.357,50.844.357,50.841,4.359,Brussels,BEL,Belgium,"Brussels, Belgium",Brussels,BEL,Belgium,7,311,4,walking,BEL,Thursday,Working_day,Walking
#24:9419,Leg,mjrFDbCO6LeTtnVqi0zPxfbrYLG3,#31:3931,50.845,4.385,50.8454.385,50.844,4.382,Brussels,BEL,Belgium,"Brussels, Belgium",Brussels,BEL,Belgium,7,315,5,walking,BEL,Thursday,Working_day,Walking
#23:20219,Leg,9sjoMM7wJEWt2X4yfZkS03qQiHE3,#31:8561,50.87,4.388,50.874.388,50.869,4.386,Brussels,BEL,Belgium,"Brussels, Belgium",Brussels,BEL,Belgium,7,318,5,walking,BEL,Wednesday,Working_day,Walking
#23:10292,Leg,U5soJC7zkmbkpx0sJN993OUa8Hw2,#33:4213,50.845,4.34,50.8454.34,50.846,4.343,Brussels,BEL,Belgium,"Brussels, Belgium",Brussels,BEL,Belgium,7,322,4,walking,BEL,Tuesday,Working_day,Walking
#22:3739,Leg,kgF4dsYgK6RN1Qp0kzJVyWnDaUe2,#32:1547,50.846,4.389,50.8464.389,50.845,4.385,Brussels,BEL,Belgium,"Brussels, Belgium",Brussels,BEL,Belgium,7,324,5,walking,BEL,Friday,Working_day,Walking
#24:37996,Leg,Zj62iyVNq2PEAWH6kVatEsZu5tv1,#33:16295,50.73,4.24,50.734.24,50.735,4.235,Brussels,BEL,Belgium,"Brussels, Belgium",Brussels,BEL,Belgium,7,325,5,walking,BEL,Saturday,Weekend,Walking
#25:24230,Leg,onEy0MLMEebOR5LZlj9TkjUGASJ3,#33:10298,50.841,4.359,50.8414.359,50.84,4.357,Brussels,BEL,Belgium,"Brussels, Belgium",Brussels,BEL,Belgium,7,326,2,walking,BEL,Wednesday,Working_day,Walking
#23:28625,Leg,YD1NWKS6MmgyvWhJhtKZvYIVc2l2,#33:12119,50.843,4.383,50.8434.383,50.845,4.385,Brussels,BEL,Belgium,"Brussels, Belgium",Brussels,BEL,Belgium,7,327,5,walking,BEL,Wednesday,Working_day,Walking
#22:21709,Leg,CWWoORPnn1brx2KQNfalF3wQrNC2,#30:9264,50.849,4.347,50.8494.347,50.849,4.344,Brussels,BEL,Belgium,"Brussels, Belgium",Brussels,BEL,Belgium,7,330,4,walking,BEL,Monday,Working_day,Walking
#22:17866,Leg,8kja4JcYLBQsgt4asrCiOpfJUKf1,#33:7426,50.847,4.385,50.8474.385,50.845,4.386,Brussels,BEL,Belgium,"Brussels, Belgium",Brussels,BEL,Belgium,7,331,5,walking,BEL,Tuesday,Working_day,Walking
#25:18735,Leg,TWq1AUbD1zfNesNCbdLWK1vMhO22,#31:7937,50.846,4.357,50.8464.357,50.849,4.358,Brussels,BEL,Belgium,"Brussels, Belgium",Brussels,BEL,Belgium,7,331,5,walking,BEL,Friday,Working_day,Walking
#22:37441,Leg,ScbvqnrCywYbFcB3s6bMJNBf1v33,#30:16130,50.844,4.382,50.8444.382,50.845,4.385,Brussels,BEL,Belgium,"Brussels, Belgium",Brussels,BEL,Belgium,7,335,2,walking,BEL,Friday,Working_day,Walking
#22:11147,Leg,mjrFDbCO6LeTtnVqi0zPxfbrYLG3,#32:4577,50.845,4.385,50.8454.385,50.846,4.384,Brussels,BEL,Belgium,"Brussels, Belgium",Brussels,BEL,Belgium,7,343,5,walking,BEL,Tuesday,Working_day,Walking
#24:27837,Leg,gqnXZ8qXiEaljj91T3koMeG2NPx2,#33:11801,50.837,4.382,50.8374.382,50.837,4.387,Brussels,BEL,Belgium,"Brussels, Belgium",Brussels,BEL,Belgium,7,345,3,walking,ESP,Tuesday,Working_day,Walking
#23:21232,Leg,4ZfTYSt0erSVLAeGC28PY1Z8bbS2,#30:9056,50.858,4.388,50.8584.388,50.858,4.385,Brussels,BEL,Belgium,"Brussels, Belgium",Brussels,BEL,Belgium,7,346,2,walking,BEL,Monday,Working_day,Walking
#24:21260,Leg,Exu5AeRNwMNCDYhOQ8qNwOsxxnc2,#30:9090,50.835,4.333,50.8354.333,50.835,4.335,Brussels,BEL,Belgium,"Brussels, Belgium",Brussels,BEL,Belgium,7,348,3,walking,BEL,Monday,Working_day,Walking
#23:21261,Leg,KuDY0NpjM0Zn9NfL3CfFBnZ5qQ42,#30:9071,50.845,4.393,50.8454.393,50.842,4.393,Brussels,BEL,Belgium,"Brussels, Belgium",Brussels,BEL,Belgium,7,352,5,walking,BEL,Monday,Working_day,Walking
#24:36777,Leg,LpOv0E0Dk6UeoDFAEmpSUt0ddex1,#32:15773,50.849,4.343,50.8494.343,50.849,4.345,Brussels,BEL,Belgium,"Brussels, Belgium",Brussels,BEL,Belgium,7,354,5,walking,BEL,Monday,Working_day,Walking
#22:33668,Leg,Zj62iyVNq2PEAWH6kVatEsZu5tv1,#33:14324,50.93,4.41,50.934.41,50.925,4.41,Brussels,BEL,Belgium,"Brussels, Belgium",Brussels,BEL,Belgium,7,358,5,walking,BEL,Saturday,Weekend,Walking
#24:19001,Leg,igigwkvk1xfKFR1ySEPkpRTNN862,#33:7958,50.77,4.475,50.774.475,50.765,4.475,Brussels,BEL,Belgium,"Brussels, Belgium",Brussels,BEL,Belgium,7,359,5,walking,BEL,Saturday,Weekend,Walking
#25:5654,Leg,kgF4dsYgK6RN1Qp0kzJVyWnDaUe2,#32:2321,50.842,4.385,50.8424.385,50.845,4.385,Brussels,BEL,Belgium,"Brussels, Belgium",Brussels,BEL,Belgium,7,360,4,walking,BEL,Thursday,Working_day,Walking
#24:21233,Leg,4ZfTYSt0erSVLAeGC28PY1Z8bbS2,#31:9039,50.822,4.395,50.8224.395,50.822,4.392,Brussels,BEL,Belgium,"Brussels, Belgium",Brussels,BEL,Belgium,7,365,2,walking,BEL,Monday,Working_day,Walking
#24:20325,Leg,igigwkvk1xfKFR1ySEPkpRTNN862,#31:8638,50.765,4.475,50.7654.475,50.77,4.475,Brussels,BEL,Belgium,"Brussels, Belgium",Brussels,BEL,Belgium,7,365,5,walking,BEL,Thursday,Working_day,Walking
#25:4216,Leg,yXPR9mf9wfMU0yjf89NcbtRMudf1,#31:1769,50.845,4.385,50.8454.385,50.844,4.382,Brussels,BEL,Belgium,"Brussels, Belgium",Brussels,BEL,Belgium,7,366,4,walking,BEL,Monday,Working_day,Walking
#24:36752,Leg,LpOv0E0Dk6UeoDFAEmpSUt0ddex1,#32:15762,50.849,4.344,50.8494.344,50.85,4.347,Brussels,BEL,Belgium,"Brussels, Belgium",Brussels,BEL,Belgium,7,368,5,walking,BEL,Wednesday,Working_day,Walking
#24:28699,Leg,onEy0MLMEebOR5LZlj9TkjUGASJ3,#30:12298,50.839,4.357,50.8394.357,50.842,4.359,Brussels,BEL,Belgium,"Brussels, Belgium",Brussels,BEL,Belgium,7,368,4,walking,BEL,Thursday,Working_day,Walking
#23:25065,Leg,0CHk74uT2pRt5VKXM9qFVS3BLPu2,#32:10642,50.859,4.362,50.8594.362,50.856,4.36,Brussels,BEL,Belgium,"Brussels, Belgium",Brussels,BEL,Belgium,7,369,4,walking,BEL,Thursday,Working_day,Walking
#22:19848,Leg,Exu5AeRNwMNCDYhOQ8qNwOsxxnc2,#33:8292,50.832,4.327,50.8324.327,50.833,4.331,Brussels,BEL,Belgium,"Brussels, Belgium",Brussels,BEL,Belgium,7,370,2,walking,BEL,Tuesday,Working_day,Walking
#24:8416,Leg,U5soJC7zkmbkpx0sJN993OUa8Hw2,#33:3434,50.844,4.341,50.8444.341,50.845,4.34,Brussels,BEL,Belgium,"Brussels, Belgium",Brussels,BEL,Belgium,7,374,3,walking,BEL,Wednesday,Working_day,Walking
#22:18388,Leg,CWWoORPnn1brx2KQNfalF3wQrNC2,#33:7694,50.848,4.344,50.8484.344,50.849,4.344,Brussels,BEL,Belgium,"Brussels, Belgium",Brussels,BEL,Belgium,7,375,5,walking,BEL,Thursday,Working_day,Walking
#24:20282,Leg,Exu5AeRNwMNCDYhOQ8qNwOsxxnc2,#32:8567,50.836,4.337,50.8364.337,50.835,4.334,Brussels,BEL,Belgium,"Brussels, Belgium",Brussels,BEL,Belgium,7,381,3,walking,BEL,Thursday,Working_day,Walking
#25:3400,Leg,IGpJc0Az17bxe4MT6pHDx6lQ3LD2,#31:1449,50.847,4.353,50.8474.353,50.845,4.357,Brussels,BEL,Belgium,"Brussels, Belgium",Brussels,BEL,Belgium,7,385,4,walking,BEL,Tuesday,Working_day,Walking
#25:28211,Leg,0CHk74uT2pRt5VKXM9qFVS3BLPu2,#30:12097,50.859,4.362,50.8594.362,50.856,4.359,Brussels,BEL,Belgium,"Brussels, Belgium",Brussels,BEL,Belgium,7,388,3,walking,BEL,Thursday,Working_day,Walking
#25:36712,Leg,LpOv0E0Dk6UeoDFAEmpSUt0ddex1,#33:15734,50.851,4.352,50.8514.352,50.849,4.348,Brussels,BEL,Belgium,"Brussels, Belgium",Brussels,BEL,Belgium,7,398,5,walking,BEL,Tuesday,Working_day,Walking
#22:31101,Leg,yiiLvQd5sbZ120ojUe5hI8BvO6u1,#32:13232,50.843,4.385,50.8434.385,50.845,4.386,Brussels,BEL,Belgium,"Brussels, Belgium",Brussels,BEL,Belgium,7,407,4,walking,BEL,Monday,Working_day,Walking
#25:8813,Leg,xVmMPhHKRUOFFjghmp6dbVf3UYx2,#33:3617,50.856,4.36,50.8564.36,50.857,4.36,Brussels,BEL,Belgium,"Brussels, Belgium",Brussels,BEL,Belgium,7,411,4,walking,SVK,Friday,Working_day,Walking
#22:21500,Leg,4ZfTYSt0erSVLAeGC28PY1Z8bbS2,#30:9169,50.858,4.385,50.8584.385,50.858,4.388,Brussels,BEL,Belgium,"Brussels, Belgium",Brussels,BEL,Belgium,7,424,2,walking,BEL,Monday,Working_day,Walking
#23:24307,Leg,t9qpQxe8N3gN7NQVHf6FodRYBug1,#31:10373,50.842,4.385,50.8424.385,50.845,4.385,Brussels,BEL,Belgium,"Brussels, Belgium",Brussels,BEL,Belgium,7,424,4,walking,BEL,Wednesday,Working_day,Walking
#25:26988,Leg,Zj62iyVNq2PEAWH6kVatEsZu5tv1,#30:11575,50.871,4.388,50.8714.388,50.869,4.386,Brussels,BEL,Belgium,"Brussels, Belgium",Brussels,BEL,Belgium,7,426,5,walking,BEL,Tuesday,Working_day,Walking
#22:21293,Leg,KuDY0NpjM0Zn9NfL3CfFBnZ5qQ42,#33:8952,50.842,4.393,50.8424.393,50.845,4.393,Brussels,BEL,Belgium,"Brussels, Belgium",Brussels,BEL,Belgium,7,434,6,walking,BEL,Monday,Working_day,Walking
#25:8085,Leg,kgF4dsYgK6RN1Qp0kzJVyWnDaUe2,#32:3330,50.843,4.385,50.8434.385,50.845,4.385,Brussels,BEL,Belgium,"Brussels, Belgium",Brussels,BEL,Belgium,7,437,4,walking,BEL,Tuesday,Working_day,Walking
#22:27267,Leg,Zj62iyVNq2PEAWH6kVatEsZu5tv1,#31:11609,50.869,4.386,50.8694.386,50.871,4.388,Brussels,BEL,Belgium,"Brussels, Belgium",Brussels,BEL,Belgium,7,437,5,walking,BEL,Tuesday,Working_day,Walking
#25:18566,Leg,YD1NWKS6MmgyvWhJhtKZvYIVc2l2,#30:7896,50.845,4.384,50.8454.384,50.847,4.381,Brussels,BEL,Belgium,"Brussels, Belgium",Brussels,BEL,Belgium,7,449,5,walking,BEL,Friday,Working_day,Walking
#22:22110,Leg,Exu5AeRNwMNCDYhOQ8qNwOsxxnc2,#33:9335,50.836,4.337,50.8364.337,50.835,4.333,Brussels,BEL,Belgium,"Brussels, Belgium",Brussels,BEL,Belgium,7,451,3,walking,BEL,Thursday,Working_day,Walking
#24:20294,Leg,4ZfTYSt0erSVLAeGC28PY1Z8bbS2,#31:8624,50.858,4.388,50.8584.388,50.857,4.385,Brussels,BEL,Belgium,"Brussels, Belgium",Brussels,BEL,Belgium,7,452,2,walking,BEL,Thursday,Working_day,Walking
#23:4562,Leg,kgF4dsYgK6RN1Qp0kzJVyWnDaUe2,#33:1849,50.847,4.39,50.8474.39,50.845,4.385,Brussels,BEL,Belgium,"Brussels, Belgium",Brussels,BEL,Belgium,7,455,4,walking,BEL,Monday,Working_day,Walking
#23:31366,Leg,LpOv0E0Dk6UeoDFAEmpSUt0ddex1,#30:13466,50.826,4.347,50.8264.347,50.827,4.351,Brussels,BEL,Belgium,"Brussels, Belgium",Brussels,BEL,Belgium,7,456,4,walking,BEL,Tuesday,Working_day,Walking
#25:33313,Leg,yiiLvQd5sbZ120ojUe5hI8BvO6u1,#30:14351,50.847,4.39,50.8474.39,50.845,4.385,Brussels,BEL,Belgium,"Brussels, Belgium",Brussels,BEL,Belgium,7,459,4,walking,BEL,Wednesday,Working_day,Walking
#22:18432,Leg,KuDY0NpjM0Zn9NfL3CfFBnZ5qQ42,#31:7794,50.845,4.393,50.8454.393,50.842,4.393,Brussels,BEL,Belgium,"Brussels, Belgium",Brussels,BEL,Belgium,7,461,5,walking,BEL,Thursday,Working_day,Walking
#25:18407,Leg,YD1NWKS6MmgyvWhJhtKZvYIVc2l2,#30:7883,50.845,4.376,50.8454.376,50.847,4.381,Brussels,BEL,Belgium,"Brussels, Belgium",Brussels,BEL,Belgium,7,472,5,walking,BEL,Friday,Working_day,Walking
#25:18177,Leg,4ZfTYSt0erSVLAeGC28PY1Z8bbS2,#30:7771,50.822,4.396,50.8224.396,50.821,4.392,Brussels,BEL,Belgium,"Brussels, Belgium",Brussels,BEL,Belgium,7,473,4,walking,BEL,Thursday,Working_day,Walking
#22:16384,Leg,8kja4JcYLBQsgt4asrCiOpfJUKf1,#31:6872,50.845,4.385,50.8454.385,50.845,4.386,Brussels,BEL,Belgium,"Brussels, Belgium",Brussels,BEL,Belgium,7,478,3,walking,BEL,Tuesday,Working_day,Walking
#23:5132,Leg,kgF4dsYgK6RN1Qp0kzJVyWnDaUe2,#32:2078,50.847,4.39,50.8474.39,50.845,4.385,Brussels,BEL,Belgium,"Brussels, Belgium",Brussels,BEL,Belgium,7,481,5,walking,BEL,Tuesday,Working_day,Walking
#25:35463,Leg,yiiLvQd5sbZ120ojUe5hI8BvO6u1,#32:15189,50.845,4.386,50.8454.386,50.847,4.391,Brussels,BEL,Belgium,"Brussels, Belgium",Brussels,BEL,Belgium,7,482,4,walking,BEL,Monday,Working_day,Walking
#24:22186,Leg,Exu5AeRNwMNCDYhOQ8qNwOsxxnc2,#31:9490,50.832,4.327,50.8324.327,50.834,4.332,Brussels,BEL,Belgium,"Brussels, Belgium",Brussels,BEL,Belgium,7,485,2,walking,BEL,Thursday,Working_day,Walking
#23:11070,Leg,jJjW57HRjKgB8vh3ch5hhGwsIDJ2,#32:4553,50.895,4.275,50.8954.275,50.89,4.275,Brussels,BEL,Belgium,"Brussels, Belgium",Brussels,BEL,Belgium,7,488,1,walking,BEL,Tuesday,Working_day,Walking
#24:8579,Leg,xVmMPhHKRUOFFjghmp6dbVf3UYx2,#33:3496,50.849,4.354,50.8494.354,50.852,4.356,Brussels,BEL,Belgium,"Brussels, Belgium",Brussels,BEL,Belgium,7,489,2.5,walking,SVK,Thursday,Working_day,Walking
#24:21529,Leg,Exu5AeRNwMNCDYhOQ8qNwOsxxnc2,#33:9100,50.836,4.337,50.8364.337,50.835,4.333,Brussels,BEL,Belgium,"Brussels, Belgium",Brussels,BEL,Belgium,7,495,2,walking,BEL,Tuesday,Working_day,Walking
#23:8348,Leg,U5soJC7zkmbkpx0sJN993OUa8Hw2,#31:3446,50.845,4.339,50.8454.339,50.847,4.345,Brussels,BEL,Belgium,"Brussels, Belgium",Brussels,BEL,Belgium,7,497,5,walking,BEL,Monday,Working_day,Walking
#24:18239,Leg,Mde1WS4CUiNESDSFltzECarA1vQ2,#30:7782,50.835,4.338,50.8354.338,50.836,4.335,Brussels,BEL,Belgium,"Brussels, Belgium",Brussels,BEL,Belgium,7,497,2,walking,BEL,Thursday,Working_day,Walking
#25:8159,Leg,xVmMPhHKRUOFFjghmp6dbVf3UYx2,#32:3354,50.849,4.354,50.8494.354,50.853,4.355,Brussels,BEL,Belgium,"Brussels, Belgium",Brussels,BEL,Belgium,7,503,3,walking,SVK,Tuesday,Working_day,Walking
#22:8318,Leg,xVmMPhHKRUOFFjghmp6dbVf3UYx2,#33:3365,50.848,4.357,50.8484.357,50.845,4.359,Brussels,BEL,Belgium,"Brussels, Belgium",Brussels,BEL,Belgium,7,506,4,walking,SVK,Tuesday,Working_day,Walking
#24:18004,Leg,Jk2WYuKqb3b1jZtHN1vpOLA3sjW2,#32:7567,50.85,4.352,50.854.352,50.849,4.356,Brussels,BEL,Belgium,"Brussels, Belgium",Brussels,BEL,Belgium,7,508,5,walking,BEL,Wednesday,Working_day,Walking
#22:20082,Leg,onEy0MLMEebOR5LZlj9TkjUGASJ3,#33:8400,50.841,4.359,50.8414.359,50.84,4.36,Brussels,BEL,Belgium,"Brussels, Belgium",Brussels,BEL,Belgium,7,508,2,walking,BEL,Wednesday,Working_day,Walking
#23:19810,Leg,onEy0MLMEebOR5LZlj9TkjUGASJ3,#31:8368,50.841,4.359,50.8414.359,50.839,4.361,Brussels,BEL,Belgium,"Brussels, Belgium",Brussels,BEL,Belgium,7,510,3,walking,BEL,Tuesday,Working_day,Walking
#23:20497,Leg,mpZERtkvTXdB3hEpinkwriiX2Mh1,#32:8645,50.847,4.381,50.8474.381,50.844,4.384,Brussels,BEL,Belgium,"Brussels, Belgium",Brussels,BEL,Belgium,7,514,4,walking,BEL,Thursday,Working_day,Walking
#22:7609,Leg,kgF4dsYgK6RN1Qp0kzJVyWnDaUe2,#30:3158,50.845,4.385,50.8454.385,50.847,4.391,Brussels,BEL,Belgium,"Brussels, Belgium",Brussels,BEL,Belgium,7,516,4,walking,BEL,Friday,Working_day,Walking
#25:5644,Leg,kgF4dsYgK6RN1Qp0kzJVyWnDaUe2,#32:2317,50.847,4.381,50.8474.381,50.845,4.386,Brussels,BEL,Belgium,"Brussels, Belgium",Brussels,BEL,Belgium,7,518,4,walking,BEL,Wednesday,Working_day,Walking
#24:9398,Leg,mjrFDbCO6LeTtnVqi0zPxfbrYLG3,#31:3921,50.847,4.381,50.8474.381,50.845,4.385,Brussels,BEL,Belgium,"Brussels, Belgium",Brussels,BEL,Belgium,7,518,5,walking,BEL,Thursday,Working_day,Walking
#25:20068,Leg,ScbvqnrCywYbFcB3s6bMJNBf1v33,#31:8529,50.847,4.381,50.8474.381,50.845,4.386,Brussels,BEL,Belgium,"Brussels, Belgium",Brussels,BEL,Belgium,7,519,3,walking,BEL,Wednesday,Working_day,Walking
#22:8385,Leg,OURmBjDhgohvI2HiJC2PW6QdX2x2,#31:3454,50.847,4.381,50.8474.381,50.845,4.385,Brussels,BEL,Belgium,"Brussels, Belgium",Brussels,BEL,Belgium,7,522,5,walking,BEL,Wednesday,Working_day,Walking
#24:4254,Leg,yXPR9mf9wfMU0yjf89NcbtRMudf1,#33:1730,50.847,4.381,50.8474.381,50.845,4.386,Brussels,BEL,Belgium,"Brussels, Belgium",Brussels,BEL,Belgium,7,523,4,walking,BEL,Tuesday,Working_day,Walking
#22:20127,Leg,Exu5AeRNwMNCDYhOQ8qNwOsxxnc2,#31:8499,50.833,4.328,50.8334.328,50.835,4.333,Brussels,BEL,Belgium,"Brussels, Belgium",Brussels,BEL,Belgium,7,524,3,walking,BEL,Wednesday,Working_day,Walking
#25:18404,Leg,0CHk74uT2pRt5VKXM9qFVS3BLPu2,#33:7763,50.859,4.362,50.8594.362,50.857,4.359,Brussels,BEL,Belgium,"Brussels, Belgium",Brussels,BEL,Belgium,7,526,5,walking,BEL,Friday,Working_day,Walking
#25:20181,Leg,4ZfTYSt0erSVLAeGC28PY1Z8bbS2,#33:8508,50.822,4.396,50.8224.396,50.821,4.391,Brussels,BEL,Belgium,"Brussels, Belgium",Brussels,BEL,Belgium,7,527,3,walking,BEL,Thursday,Working_day,Walking
#22:20362,Leg,Exu5AeRNwMNCDYhOQ8qNwOsxxnc2,#30:8658,50.832,4.327,50.8324.327,50.834,4.332,Brussels,BEL,Belgium,"Brussels, Belgium",Brussels,BEL,Belgium,7,538,3,walking,BEL,Thursday,Working_day,Walking
#23:15140,Leg,xNYM910kV9SpRzfF8oMLTEa2ItS2,#33:6289,50.847,4.391,50.8474.391,50.845,4.385,Brussels,BEL,Belgium,"Brussels, Belgium",Brussels,BEL,Belgium,7,540,4,walking,BEL,Friday,Working_day,Walking
#23:22639,Leg,YD1NWKS6MmgyvWhJhtKZvYIVc2l2,#31:9670,50.845,4.384,50.8454.384,50.847,4.381,Brussels,BEL,Belgium,"Brussels, Belgium",Brussels,BEL,Belgium,7,540,5,walking,BEL,Friday,Working_day,Walking
#24:34598,Leg,IYFqKamhclckUqabBsHOiCNPbcd2,#33:14777,50.847,4.391,50.8474.391,50.851,4.391,Brussels,BEL,Belgium,"Brussels, Belgium",Brussels,BEL,Belgium,7,542,5,walking,BEL,Saturday,Weekend,Walking
#25:16190,Leg,8kja4JcYLBQsgt4asrCiOpfJUKf1,#31:6823,50.847,4.391,50.8474.391,50.845,4.385,Brussels,BEL,Belgium,"Brussels, Belgium",Brussels,BEL,Belgium,7,550,4,walking,BEL,Monday,Working_day,Walking
#24:18470,Leg,YD1NWKS6MmgyvWhJhtKZvYIVc2l2,#30:7891,50.847,4.381,50.8474.381,50.845,4.385,Brussels,BEL,Belgium,"Brussels, Belgium",Brussels,BEL,Belgium,7,553,5,walking,BEL,Friday,Working_day,Walking
#24:8317,Leg,U5soJC7zkmbkpx0sJN993OUa8Hw2,#32:3411,50.847,4.345,50.8474.345,50.845,4.34,Brussels,BEL,Belgium,"Brussels, Belgium",Brussels,BEL,Belgium,7,554,5,walking,BEL,Monday,Working_day,Walking
#24:10382,Leg,U5soJC7zkmbkpx0sJN993OUa8Hw2,#30:4352,50.845,4.34,50.8454.34,50.848,4.344,Brussels,BEL,Belgium,"Brussels, Belgium",Brussels,BEL,Belgium,7,559,5,walking,BEL,Wednesday,Working_day,Walking
#24:7590,Leg,kgF4dsYgK6RN1Qp0kzJVyWnDaUe2,#33:3088,50.845,4.386,50.8454.386,50.847,4.38,Brussels,BEL,Belgium,"Brussels, Belgium",Brussels,BEL,Belgium,7,560,5,walking,BEL,Tuesday,Working_day,Walking
#24:7077,Leg,kgF4dsYgK6RN1Qp0kzJVyWnDaUe2,#33:2879,50.845,4.385,50.8454.385,50.847,4.391,Brussels,BEL,Belgium,"Brussels, Belgium",Brussels,BEL,Belgium,7,563,5,walking,BEL,Friday,Working_day,Walking
#24:26184,Leg,TtKfRLxsY2av6SFrPi3iBtsjfAi1,#30:11244,50.86,4.361,50.864.361,50.858,4.356,Brussels,BEL,Belgium,"Brussels, Belgium",Brussels,BEL,Belgium,7,563,5,walking,BEL,Thursday,Working_day,Walking
#24:17946,Leg,8kja4JcYLBQsgt4asrCiOpfJUKf1,#33:7513,50.847,4.391,50.8474.391,50.845,4.385,Brussels,BEL,Belgium,"Brussels, Belgium",Brussels,BEL,Belgium,7,564,5,walking,BEL,Wednesday,Working_day,Walking
#22:7646,Leg,kgF4dsYgK6RN1Qp0kzJVyWnDaUe2,#31:3147,50.847,4.391,50.8474.391,50.845,4.385,Brussels,BEL,Belgium,"Brussels, Belgium",Brussels,BEL,Belgium,7,565,5,walking,BEL,Monday,Working_day,Walking
#24:9096,Leg,OURmBjDhgohvI2HiJC2PW6QdX2x2,#32:3752,50.847,4.391,50.8474.391,50.845,4.385,Brussels,BEL,Belgium,"Brussels, Belgium",Brussels,BEL,Belgium,7,565,3,walking,BEL,Tuesday,Working_day,Walking
#22:10206,Leg,OURmBjDhgohvI2HiJC2PW6QdX2x2,#31:4224,50.845,4.386,50.8454.386,50.847,4.391,Brussels,BEL,Belgium,"Brussels, Belgium",Brussels,BEL,Belgium,7,566,4,walking,BEL,Wednesday,Working_day,Walking
#25:26810,Leg,0CHk74uT2pRt5VKXM9qFVS3BLPu2,#33:11366,50.859,4.362,50.8594.362,50.856,4.36,Brussels,BEL,Belgium,"Brussels, Belgium",Brussels,BEL,Belgium,7,566,3,walking,BEL,Monday,Working_day,Walking
#24:7556,Leg,kgF4dsYgK6RN1Qp0kzJVyWnDaUe2,#32:3102,50.847,4.391,50.8474.391,50.845,4.385,Brussels,BEL,Belgium,"Brussels, Belgium",Brussels,BEL,Belgium,7,567,3,walking,BEL,Tuesday,Working_day,Walking
#25:4515,Leg,kgF4dsYgK6RN1Qp0kzJVyWnDaUe2,#33:1850,50.847,4.381,50.8474.381,50.844,4.385,Brussels,BEL,Belgium,"Brussels, Belgium",Brussels,BEL,Belgium,7,569,5,walking,BEL,Tuesday,Working_day,Walking
#23:19126,Leg,EUdjxPyGUTYY4a89ZYJLVGAN6f12,#30:8110,50.801,4.42,50.8014.42,50.799,4.421,Brussels,BEL,Belgium,"Brussels, Belgium",Brussels,BEL,Belgium,7,570,5,walking,BEL,Thursday,Working_day,Walking
#22:5569,Leg,kgF4dsYgK6RN1Qp0kzJVyWnDaUe2,#32:2250,50.847,4.391,50.8474.391,50.845,4.385,Brussels,BEL,Belgium,"Brussels, Belgium",Brussels,BEL,Belgium,7,571,3,walking,BEL,Wednesday,Working_day,Walking
#23:15723,Leg,vlBTTWAlYqTwugoby3qyjC9DUI33,#33:6529,50.847,4.381,50.8474.381,50.845,4.385,Brussels,BEL,Belgium,"Brussels, Belgium",Brussels,BEL,Belgium,7,574,4,walking,BEL,Monday,Working_day,Walking
#23:26986,Leg,TtKfRLxsY2av6SFrPi3iBtsjfAi1,#32:11430,50.86,4.361,50.864.361,50.858,4.357,Brussels,BEL,Belgium,"Brussels, Belgium",Brussels,BEL,Belgium,7,575,5,walking,BEL,Monday,Working_day,Walking
#23:4503,Leg,EZYvr1fxdtQkC9YLYuDXOMKpcQG2,#32:1840,50.848,4.404,50.8484.404,50.851,4.402,Brussels,BEL,Belgium,"Brussels, Belgium",Brussels,BEL,Belgium,7,583,5,walking,ESP,Thursday,Working_day,Walking
#25:19902,Leg,Exu5AeRNwMNCDYhOQ8qNwOsxxnc2,#30:8492,50.835,4.338,50.8354.338,50.835,4.333,Brussels,BEL,Belgium,"Brussels, Belgium",Brussels,BEL,Belgium,7,594,3,walking,BEL,Wednesday,Working_day,Walking
#22:33881,Leg,yiiLvQd5sbZ120ojUe5hI8BvO6u1,#31:14513,50.844,4.385,50.8444.385,50.846,4.378,Brussels,BEL,Belgium,"Brussels, Belgium",Brussels,BEL,Belgium,7,598,4,walking,BEL,Monday,Working_day,Walking
#24:20537,Leg,ScbvqnrCywYbFcB3s6bMJNBf1v33,#30:8777,50.845,4.385,50.8454.385,50.847,4.381,Brussels,BEL,Belgium,"Brussels, Belgium",Brussels,BEL,Belgium,7,598,3,walking,BEL,Friday,Working_day,Walking
#25:4233,Leg,yXPR9mf9wfMU0yjf89NcbtRMudf1,#30:1796,50.844,4.385,50.8444.385,50.847,4.381,Brussels,BEL,Belgium,"Brussels, Belgium",Brussels,BEL,Belgium,7,605,4,walking,BEL,Tuesday,Working_day,Walking
#25:7570,Leg,kgF4dsYgK6RN1Qp0kzJVyWnDaUe2,#33:3090,50.847,4.391,50.8474.391,50.845,4.385,Brussels,BEL,Belgium,"Brussels, Belgium",Brussels,BEL,Belgium,7,623,5,walking,BEL,Friday,Working_day,Walking
#23:7876,Leg,U5soJC7zkmbkpx0sJN993OUa8Hw2,#31:3262,50.845,4.34,50.8454.34,50.849,4.345,Brussels,BEL,Belgium,"Brussels, Belgium",Brussels,BEL,Belgium,7,634,5,walking,BEL,Saturday,Weekend,Walking
#24:19301,Leg,LJdybFv4xlYxx5n1vgej2rglbCd2,#32:8116,50.844,4.352,50.8444.352,50.843,4.347,Brussels,BEL,Belgium,"Brussels, Belgium",Brussels,BEL,Belgium,7,634,4,walking,BEL,Sunday,Weekend,Walking
#22:21225,Leg,IYFqKamhclckUqabBsHOiCNPbcd2,#31:8997,50.853,4.342,50.8534.342,50.851,4.347,Brussels,BEL,Belgium,"Brussels, Belgium",Brussels,BEL,Belgium,7,636,4,walking,BEL,Sunday,Weekend,Walking
#22:19782,Leg,KuDY0NpjM0Zn9NfL3CfFBnZ5qQ42,#33:8260,50.842,4.393,50.8424.393,50.842,4.385,Brussels,BEL,Belgium,"Brussels, Belgium",Brussels,BEL,Belgium,7,642,5,walking,BEL,Tuesday,Working_day,Walking
#24:7277,Leg,O88QbwQ6ghOcPHJ94xPjI230VcB3,#33:2960,50.838,4.396,50.8384.396,50.841,4.402,Brussels,BEL,Belgium,"Brussels, Belgium",Brussels,BEL,Belgium,7,643,4,walking,BEL,Tuesday,Working_day,Walking
#23:7950,Leg,LpOv0E0Dk6UeoDFAEmpSUt0ddex1,#30:3305,50.826,4.352,50.8264.352,50.827,4.352,Brussels,BEL,Belgium,"Brussels, Belgium",Brussels,BEL,Belgium,7,646,5,walking,BEL,Sunday,Weekend,Walking
#24:8318,Leg,U5soJC7zkmbkpx0sJN993OUa8Hw2,#31:3447,50.849,4.345,50.8494.345,50.845,4.34,Brussels,BEL,Belgium,"Brussels, Belgium",Brussels,BEL,Belgium,7,647,5,walking,BEL,Tuesday,Working_day,Walking
#25:26136,Leg,TtKfRLxsY2av6SFrPi3iBtsjfAi1,#30:11243,50.861,4.361,50.8614.361,50.858,4.356,Brussels,BEL,Belgium,"Brussels, Belgium",Brussels,BEL,Belgium,7,658,5,walking,BEL,Wednesday,Working_day,Walking
#25:39378,Leg,D2BXY2v0yGeIF3KNlRF7daj7yvD2,#30:17049,50.837,4.386,50.8374.386,50.841,4.384,Brussels,BEL,Belgium,"Brussels, Belgium",Brussels,BEL,Belgium,7,659,5,walking,BEL,Monday,Working_day,Walking
#22:21894,Leg,iO8CmmLFKwhlBzEh0f9Hf2w9iWr2,#30:9355,50.866,4.339,50.8664.339,50.867,4.332,Brussels,BEL,Belgium,"Brussels, Belgium",Brussels,BEL,Belgium,7,668,5,walking,BEL,Wednesday,Working_day,Walking
#24:21814,Leg,iO8CmmLFKwhlBzEh0f9Hf2w9iWr2,#33:9236,50.866,4.339,50.8664.339,50.868,4.332,Brussels,BEL,Belgium,"Brussels, Belgium",Brussels,BEL,Belgium,7,668,5,walking,BEL,Wednesday,Working_day,Walking
#23:7640,Leg,kgF4dsYgK6RN1Qp0kzJVyWnDaUe2,#30:3172,50.844,4.384,50.8444.384,50.845,4.385,Brussels,BEL,Belgium,"Brussels, Belgium",Brussels,BEL,Belgium,7,670,3,walking,BEL,Friday,Working_day,Walking
#24:19480,Leg,4ZfTYSt0erSVLAeGC28PY1Z8bbS2,#32:8183,50.858,4.384,50.8584.384,50.858,4.388,Brussels,BEL,Belgium,"Brussels, Belgium",Brussels,BEL,Belgium,7,671,3,walking,BEL,Monday,Working_day,Walking
#25:34853,Leg,4bzY2zv9MLN1bu1u35n1CoGahEY2,#33:14897,50.877,4.409,50.8774.409,50.88,4.415,Brussels,BEL,Belgium,"Brussels, Belgium",Brussels,BEL,Belgium,7,680,4,walking,BEL,Thursday,Working_day,Walking
#24:24807,Leg,ScbvqnrCywYbFcB3s6bMJNBf1v33,#31:10595,50.844,4.385,50.8444.385,50.844,4.384,Brussels,BEL,Belgium,"Brussels, Belgium",Brussels,BEL,Belgium,7,683,2,walking,BEL,Thursday,Working_day,Walking
#25:20765,Leg,ScbvqnrCywYbFcB3s6bMJNBf1v33,#30:8889,50.848,4.386,50.8484.386,50.851,4.39,Brussels,BEL,Belgium,"Brussels, Belgium",Brussels,BEL,Belgium,7,685,3,walking,BEL,Friday,Working_day,Walking
#25:23620,Leg,4ZfTYSt0erSVLAeGC28PY1Z8bbS2,#31:10127,50.861,4.392,50.8614.392,50.858,4.388,Brussels,BEL,Belgium,"Brussels, Belgium",Brussels,BEL,Belgium,7,693,4,walking,BEL,Friday,Working_day,Walking
#24:5597,Leg,kgF4dsYgK6RN1Qp0kzJVyWnDaUe2,#30:2337,50.847,4.391,50.8474.391,50.845,4.385,Brussels,BEL,Belgium,"Brussels, Belgium",Brussels,BEL,Belgium,7,699,5,walking,BEL,Thursday,Working_day,Walking
#24:26446,Leg,ScbvqnrCywYbFcB3s6bMJNBf1v33,#32:11244,50.853,4.387,50.8534.387,50.852,4.39,Brussels,BEL,Belgium,"Brussels, Belgium",Brussels,BEL,Belgium,7,701,2,walking,BEL,Sunday,Weekend,Walking
#25:21544,Leg,TtKfRLxsY2av6SFrPi3iBtsjfAi1,#30:9243,50.861,4.36,50.8614.36,50.858,4.355,Brussels,BEL,Belgium,"Brussels, Belgium",Brussels,BEL,Belgium,7,702,4,walking,BEL,Tuesday,Working_day,Walking
#25:34374,Leg,Zj62iyVNq2PEAWH6kVatEsZu5tv1,#33:14704,50.92,4.41,50.924.41,50.92,4.405,Brussels,BEL,Belgium,"Brussels, Belgium",Brussels,BEL,Belgium,7,706,5,walking,BEL,Sunday,Weekend,Walking
#23:22770,Leg,mpZERtkvTXdB3hEpinkwriiX2Mh1,#32:9683,50.855,4.359,50.8554.359,50.858,4.352,Brussels,BEL,Belgium,"Brussels, Belgium",Brussels,BEL,Belgium,7,709,4,walking,BEL,Sunday,Weekend,Walking
#24:18204,Leg,mpZERtkvTXdB3hEpinkwriiX2Mh1,#32:7673,50.847,4.381,50.8474.381,50.843,4.383,Brussels,BEL,Belgium,"Brussels, Belgium",Brussels,BEL,Belgium,7,710,4,walking,BEL,Thursday,Working_day,Walking
#23:10186,Leg,OURmBjDhgohvI2HiJC2PW6QdX2x2,#32:4188,50.847,4.39,50.8474.39,50.847,4.381,Brussels,BEL,Belgium,"Brussels, Belgium",Brussels,BEL,Belgium,7,717,3,walking,BEL,Monday,Working_day,Walking
#24:8261,Leg,OURmBjDhgohvI2HiJC2PW6QdX2x2,#32:3385,50.847,4.391,50.8474.391,50.845,4.385,Brussels,BEL,Belgium,"Brussels, Belgium",Brussels,BEL,Belgium,7,720,4,walking,BEL,Wednesday,Working_day,Walking
#22:10207,Leg,OURmBjDhgohvI2HiJC2PW6QdX2x2,#31:4225,50.847,4.39,50.8474.39,50.845,4.385,Brussels,BEL,Belgium,"Brussels, Belgium",Brussels,BEL,Belgium,7,735,5,walking,BEL,Friday,Working_day,Walking
#24:20587,Leg,Zj62iyVNq2PEAWH6kVatEsZu5tv1,#33:8682,50.87,4.388,50.874.388,50.867,4.384,Brussels,BEL,Belgium,"Brussels, Belgium",Brussels,BEL,Belgium,7,736,5,walking,BEL,Friday,Working_day,Walking
#25:20250,Leg,IYFqKamhclckUqabBsHOiCNPbcd2,#31:8623,50.842,4.391,50.8424.391,50.847,4.391,Brussels,BEL,Belgium,"Brussels, Belgium",Brussels,BEL,Belgium,7,736,5,walking,BEL,Thursday,Working_day,Walking
#22:22122,Leg,4ZfTYSt0erSVLAeGC28PY1Z8bbS2,#33:9340,50.826,4.396,50.8264.396,50.822,4.391,Brussels,BEL,Belgium,"Brussels, Belgium",Brussels,BEL,Belgium,7,741,3,walking,BEL,Thursday,Working_day,Walking
#22:20076,Leg,YD1NWKS6MmgyvWhJhtKZvYIVc2l2,#32:8425,50.846,4.38,50.8464.38,50.847,4.373,Brussels,BEL,Belgium,"Brussels, Belgium",Brussels,BEL,Belgium,7,753,5,walking,BEL,Wednesday,Working_day,Walking
#22:7607,Leg,kgF4dsYgK6RN1Qp0kzJVyWnDaUe2,#30:3157,50.847,4.39,50.8474.39,50.845,4.385,Brussels,BEL,Belgium,"Brussels, Belgium",Brussels,BEL,Belgium,7,759,5,walking,BEL,Friday,Working_day,Walking
#23:18761,Leg,ScbvqnrCywYbFcB3s6bMJNBf1v33,#31:7911,50.845,4.385,50.8454.385,50.847,4.381,Brussels,BEL,Belgium,"Brussels, Belgium",Brussels,BEL,Belgium,7,761,3,walking,BEL,Friday,Working_day,Walking
#24:3740,Leg,kgF4dsYgK6RN1Qp0kzJVyWnDaUe2,#30:1609,50.845,4.385,50.8454.385,50.847,4.391,Brussels,BEL,Belgium,"Brussels, Belgium",Brussels,BEL,Belgium,7,771,5,walking,BEL,Friday,Working_day,Walking
#25:36217,Leg,onEy0MLMEebOR5LZlj9TkjUGASJ3,#33:15514,50.842,4.359,50.8424.359,50.841,4.359,Brussels,BEL,Belgium,"Brussels, Belgium",Brussels,BEL,Belgium,7,774,4,walking,BEL,Wednesday,Working_day,Walking
#25:21201,Leg,0CHk74uT2pRt5VKXM9qFVS3BLPu2,#30:9083,50.856,4.359,50.8564.359,50.861,4.362,Brussels,BEL,Belgium,"Brussels, Belgium",Brussels,BEL,Belgium,7,777,4,walking,BEL,Monday,Working_day,Walking
#24:15904,Leg,vlBTTWAlYqTwugoby3qyjC9DUI33,#31:6685,50.845,4.385,50.8454.385,50.846,4.384,Brussels,BEL,Belgium,"Brussels, Belgium",Brussels,BEL,Belgium,7,780,5,walking,BEL,Wednesday,Working_day,Walking
#23:20317,Leg,ScbvqnrCywYbFcB3s6bMJNBf1v33,#30:8652,50.846,4.388,50.8464.388,50.851,4.39,Brussels,BEL,Belgium,"Brussels, Belgium",Brussels,BEL,Belgium,7,802,3,walking,BEL,Thursday,Working_day,Walking
#22:5152,Leg,kgF4dsYgK6RN1Qp0kzJVyWnDaUe2,#33:2061,50.845,4.385,50.8454.385,50.848,4.391,Brussels,BEL,Belgium,"Brussels, Belgium",Brussels,BEL,Belgium,7,813,5,walking,BEL,Tuesday,Working_day,Walking
#25:8295,Leg,U5soJC7zkmbkpx0sJN993OUa8Hw2,#30:3469,50.897,4.333,50.8974.333,50.895,4.334,Brussels,BEL,Belgium,"Brussels, Belgium",Brussels,BEL,Belgium,7,818,5,walking,BEL,Tuesday,Working_day,Walking
#24:29548,Leg,LJdybFv4xlYxx5n1vgej2rglbCd2,#32:12562,50.848,4.348,50.8484.348,50.843,4.348,Brussels,BEL,Belgium,"Brussels, Belgium",Brussels,BEL,Belgium,7,825,2,walking,BEL,Friday,Working_day,Walking
#25:23618,Leg,4ZfTYSt0erSVLAeGC28PY1Z8bbS2,#30:10165,50.822,4.396,50.8224.396,50.821,4.392,Brussels,BEL,Belgium,"Brussels, Belgium",Brussels,BEL,Belgium,7,826,2,walking,BEL,Friday,Working_day,Walking
#25:7573,Leg,kgF4dsYgK6RN1Qp0kzJVyWnDaUe2,#32:3113,50.845,4.377,50.8454.377,50.845,4.386,Brussels,BEL,Belgium,"Brussels, Belgium",Brussels,BEL,Belgium,7,847,4,walking,BEL,Sunday,Weekend,Walking
#23:25929,Leg,ScbvqnrCywYbFcB3s6bMJNBf1v33,#33:10995,50.851,4.39,50.8514.39,50.845,4.386,Brussels,BEL,Belgium,"Brussels, Belgium",Brussels,BEL,Belgium,7,847,3,walking,BEL,Friday,Working_day,Walking
#25:19131,Leg,Zj62iyVNq2PEAWH6kVatEsZu5tv1,#33:8033,50.925,4.42,50.9254.42,50.925,4.41,Brussels,BEL,Belgium,"Brussels, Belgium",Brussels,BEL,Belgium,7,862,5,walking,BEL,Sunday,Weekend,Walking
#23:10066,Leg,OURmBjDhgohvI2HiJC2PW6QdX2x2,#32:4140,50.847,4.391,50.8474.391,50.842,4.389,Brussels,BEL,Belgium,"Brussels, Belgium",Brussels,BEL,Belgium,7,866,5,walking,BEL,Sunday,Weekend,Walking
#23:19562,Leg,Exu5AeRNwMNCDYhOQ8qNwOsxxnc2,#32:8201,50.833,4.328,50.8334.328,50.835,4.333,Brussels,BEL,Belgium,"Brussels, Belgium",Brussels,BEL,Belgium,7,874,3,walking,BEL,Monday,Working_day,Walking
#25:38573,Leg,IYFqKamhclckUqabBsHOiCNPbcd2,#32:16588,50.855,4.355,50.8554.355,50.857,4.347,Brussels,BEL,Belgium,"Brussels, Belgium",Brussels,BEL,Belgium,7,894,5,walking,BEL,Saturday,Weekend,Walking
#25:22495,Leg,Exu5AeRNwMNCDYhOQ8qNwOsxxnc2,#32:9595,50.832,4.328,50.8324.328,50.835,4.337,Brussels,BEL,Belgium,"Brussels, Belgium",Brussels,BEL,Belgium,7,896,3,walking,BEL,Friday,Working_day,Walking
#25:15016,Leg,xNYM910kV9SpRzfF8oMLTEa2ItS2,#32:6296,50.845,4.377,50.8454.377,50.845,4.385,Brussels,BEL,Belgium,"Brussels, Belgium",Brussels,BEL,Belgium,7,904,5,walking,BEL,Thursday,Working_day,Walking
#24:8575,Leg,xVmMPhHKRUOFFjghmp6dbVf3UYx2,#33:3495,50.851,4.354,50.8514.354,50.856,4.359,Brussels,BEL,Belgium,"Brussels, Belgium",Brussels,BEL,Belgium,7,904,2,walking,SVK,Friday,Working_day,Walking
#23:20252,Leg,PWtqVS4AeETtQZRpBcStRL55vKz2,#30:8618,50.864,4.353,50.8644.353,50.858,4.348,Brussels,BEL,Belgium,"Brussels, Belgium",Brussels,BEL,Belgium,7,907,3,walking,BEL,Tuesday,Working_day,Walking
#23:20976,Leg,Zj62iyVNq2PEAWH6kVatEsZu5tv1,#33:8826,50.925,4.41,50.9254.41,50.925,4.42,Brussels,BEL,Belgium,"Brussels, Belgium",Brussels,BEL,Belgium,7,915,5,walking,BEL,Sunday,Weekend,Walking
#24:38678,Leg,ScbvqnrCywYbFcB3s6bMJNBf1v33,#31:16669,50.851,4.39,50.8514.39,50.845,4.385,Brussels,BEL,Belgium,"Brussels, Belgium",Brussels,BEL,Belgium,7,921,4,walking,BEL,Monday,Working_day,Walking
#23:8295,Leg,xVmMPhHKRUOFFjghmp6dbVf3UYx2,#32:3386,50.849,4.355,50.8494.355,50.855,4.358,Brussels,BEL,Belgium,"Brussels, Belgium",Brussels,BEL,Belgium,7,926,2,walking,SVK,Wednesday,Working_day,Walking
#22:38449,Leg,LpOv0E0Dk6UeoDFAEmpSUt0ddex1,#33:16446,50.849,4.344,50.8494.344,50.853,4.35,Brussels,BEL,Belgium,"Brussels, Belgium",Brussels,BEL,Belgium,7,931,5,walking,BEL,Friday,Working_day,Walking
#22:22617,Leg,Exu5AeRNwMNCDYhOQ8qNwOsxxnc2,#30:9686,50.836,4.337,50.8364.337,50.834,4.332,Brussels,BEL,Belgium,"Brussels, Belgium",Brussels,BEL,Belgium,7,942,2,walking,BEL,Friday,Working_day,Walking
#22:18477,Leg,mpZERtkvTXdB3hEpinkwriiX2Mh1,#33:7738,50.847,4.381,50.8474.381,50.845,4.39,Brussels,BEL,Belgium,"Brussels, Belgium",Brussels,BEL,Belgium,7,943,5,walking,BEL,Thursday,Working_day,Walking
#23:20232,Leg,9Z2xCuB8tzgAuL3AIrFhgwFZDdn1,#30:8608,50.828,4.396,50.8284.396,50.833,4.402,Brussels,BEL,Belgium,"Brussels, Belgium",Brussels,BEL,Belgium,7,960,5,walking,BEL,Wednesday,Working_day,Walking
#22:25961,Leg,ScbvqnrCywYbFcB3s6bMJNBf1v33,#32:11024,50.845,4.387,50.8454.387,50.851,4.39,Brussels,BEL,Belgium,"Brussels, Belgium",Brussels,BEL,Belgium,7,964,3,walking,BEL,Thursday,Working_day,Walking
#23:18399,Leg,igigwkvk1xfKFR1ySEPkpRTNN862,#33:7714,50.82,4.406,50.824.406,50.819,4.408,Brussels,BEL,Belgium,"Brussels, Belgium",Brussels,BEL,Belgium,7,965,5,walking,BEL,Thursday,Working_day,Walking
#25:5653,Leg,kgF4dsYgK6RN1Qp0kzJVyWnDaUe2,#30:2371,50.847,4.391,50.8474.391,50.842,4.385,Brussels,BEL,Belgium,"Brussels, Belgium",Brussels,BEL,Belgium,7,967,4,walking,BEL,Thursday,Working_day,Walking
#22:8486,Leg,IGpJc0Az17bxe4MT6pHDx6lQ3LD2,#32:3465,50.845,4.356,50.8454.356,50.849,4.345,Brussels,BEL,Belgium,"Brussels, Belgium",Brussels,BEL,Belgium,7,974,5,walking,BEL,Thursday,Working_day,Walking
#24:24746,Leg,ScbvqnrCywYbFcB3s6bMJNBf1v33,#31:10563,50.851,4.39,50.8514.39,50.845,4.385,Brussels,BEL,Belgium,"Brussels, Belgium",Brussels,BEL,Belgium,7,990,3,walking,BEL,Thursday,Working_day,Walking
#25:34970,Leg,ScbvqnrCywYbFcB3s6bMJNBf1v33,#32:14968,50.845,4.387,50.8454.387,50.852,4.39,Brussels,BEL,Belgium,"Brussels, Belgium",Brussels,BEL,Belgium,7,991,2,walking,BEL,Friday,Working_day,Walking
#22:33712,Leg,ScbvqnrCywYbFcB3s6bMJNBf1v33,#33:14346,50.851,4.39,50.8514.39,50.845,4.385,Brussels,BEL,Belgium,"Brussels, Belgium",Brussels,BEL,Belgium,7,997,3,walking,BEL,Friday,Working_day,Walking
#23:39213,Leg,ScbvqnrCywYbFcB3s6bMJNBf1v33,#33:16798,50.851,4.39,50.8514.39,50.845,4.385,Brussels,BEL,Belgium,"Brussels, Belgium",Brussels,BEL,Belgium,7,1004,4,walking,BEL,Tuesday,Working_day,Walking
#25:19621,Leg,9sjoMM7wJEWt2X4yfZkS03qQiHE3,#32:8272,50.857,4.377,50.8574.377,50.863,4.382,Brussels,BEL,Belgium,"Brussels, Belgium",Brussels,BEL,Belgium,7,1007,4.5,walking,BEL,Tuesday,Working_day,Walking
#23:21250,Leg,0CHk74uT2pRt5VKXM9qFVS3BLPu2,#30:9064,50.868,4.364,50.8684.364,50.859,4.362,Brussels,BEL,Belgium,"Brussels, Belgium",Brussels,BEL,Belgium,7,1008,5,walking,BEL,Monday,Working_day,Walking
#22:20566,Leg,ScbvqnrCywYbFcB3s6bMJNBf1v33,#32:8662,50.851,4.39,50.8514.39,50.845,4.385,Brussels,BEL,Belgium,"Brussels, Belgium",Brussels,BEL,Belgium,7,1014,3,walking,BEL,Friday,Working_day,Walking
#25:19356,Leg,Exu5AeRNwMNCDYhOQ8qNwOsxxnc2,#32:8150,50.836,4.337,50.8364.337,50.832,4.327,Brussels,BEL,Belgium,"Brussels, Belgium",Brussels,BEL,Belgium,7,1018,2,walking,BEL,Monday,Working_day,Walking
#22:21339,Leg,Exu5AeRNwMNCDYhOQ8qNwOsxxnc2,#32:8999,50.836,4.337,50.8364.337,50.832,4.327,Brussels,BEL,Belgium,"Brussels, Belgium",Brussels,BEL,Belgium,7,1032,3,walking,BEL,Monday,Working_day,Walking
#23:21578,Leg,Exu5AeRNwMNCDYhOQ8qNwOsxxnc2,#31:9181,50.832,4.327,50.8324.327,50.834,4.331,Brussels,BEL,Belgium,"Brussels, Belgium",Brussels,BEL,Belgium,7,1042,2,walking,BEL,Tuesday,Working_day,Walking
#25:19627,Leg,Exu5AeRNwMNCDYhOQ8qNwOsxxnc2,#30:8366,50.836,4.337,50.8364.337,50.835,4.332,Brussels,BEL,Belgium,"Brussels, Belgium",Brussels,BEL,Belgium,7,1048,3,walking,BEL,Tuesday,Working_day,Walking
#24:21850,Leg,Exu5AeRNwMNCDYhOQ8qNwOsxxnc2,#30:9372,50.836,4.337,50.8364.337,50.832,4.326,Brussels,BEL,Belgium,"Brussels, Belgium",Brussels,BEL,Belgium,7,1061,3,walking,BEL,Wednesday,Working_day,Walking
#22:20316,Leg,ScbvqnrCywYbFcB3s6bMJNBf1v33,#32:8545,50.851,4.39,50.8514.39,50.845,4.385,Brussels,BEL,Belgium,"Brussels, Belgium",Brussels,BEL,Belgium,7,1062,2,walking,BEL,Thursday,Working_day,Walking
#23:27158,Leg,gqnXZ8qXiEaljj91T3koMeG2NPx2,#32:11516,50.843,4.357,50.8434.357,50.835,4.363,Brussels,BEL,Belgium,"Brussels, Belgium",Brussels,BEL,Belgium,7,1069,4,walking,ESP,Monday,Working_day,Walking
#24:37285,Leg,ScbvqnrCywYbFcB3s6bMJNBf1v33,#33:15970,50.845,4.386,50.8454.386,50.851,4.39,Brussels,BEL,Belgium,"Brussels, Belgium",Brussels,BEL,Belgium,7,1093,3,walking,BEL,Thursday,Working_day,Walking
#22:22790,Leg,ScbvqnrCywYbFcB3s6bMJNBf1v33,#33:9648,50.851,4.39,50.8514.39,50.857,4.383,Brussels,BEL,Belgium,"Brussels, Belgium",Brussels,BEL,Belgium,7,1099,3,walking,BEL,Friday,Working_day,Walking
#22:18524,Leg,ScbvqnrCywYbFcB3s6bMJNBf1v33,#33:7762,50.852,4.39,50.8524.39,50.845,4.385,Brussels,BEL,Belgium,"Brussels, Belgium",Brussels,BEL,Belgium,7,1112,3,walking,BEL,Friday,Working_day,Walking
#24:20205,Leg,PWtqVS4AeETtQZRpBcStRL55vKz2,#31:8579,50.859,4.347,50.8594.347,50.863,4.352,Brussels,BEL,Belgium,"Brussels, Belgium",Brussels,BEL,Belgium,7,1124,3,walking,BEL,Tuesday,Working_day,Walking
#25:20566,Leg,IYFqKamhclckUqabBsHOiCNPbcd2,#33:8690,50.842,4.386,50.8424.386,50.847,4.391,Brussels,BEL,Belgium,"Brussels, Belgium",Brussels,BEL,Belgium,7,1179,4,walking,BEL,Friday,Working_day,Walking
#25:11310,Leg,k609tTRuLjPcXlYjQi3oPDYZ0702,#33:4666,50.845,4.39,50.8454.39,50.847,4.381,Brussels,BEL,Belgium,"Brussels, Belgium",Brussels,BEL,Belgium,7,1207,5,walking,BEL,Thursday,Working_day,Walking
#25:22201,Leg,0CHk74uT2pRt5VKXM9qFVS3BLPu2,#30:9559,50.869,4.366,50.8694.366,50.859,4.362,Brussels,BEL,Belgium,"Brussels, Belgium",Brussels,BEL,Belgium,7,1220,2,walking,BEL,Thursday,Working_day,Walking
#23:28624,Leg,YD1NWKS6MmgyvWhJhtKZvYIVc2l2,#31:12204,50.865,4.312,50.8654.312,50.863,4.297,Brussels,BEL,Belgium,"Brussels, Belgium",Brussels,BEL,Belgium,7,1238,5,walking,BEL,Tuesday,Working_day,Walking
#23:15393,Leg,btU0wMa5UAdVIzaf66s50bdPJOx2,#33:6397,50.843,4.36,50.8434.36,50.847,4.351,Brussels,BEL,Belgium,"Brussels, Belgium",Brussels,BEL,Belgium,7,1241,4,walking,BEL,Sunday,Weekend,Walking
#25:22494,Leg,0CHk74uT2pRt5VKXM9qFVS3BLPu2,#33:9565,50.864,4.364,50.8644.364,50.856,4.36,Brussels,BEL,Belgium,"Brussels, Belgium",Brussels,BEL,Belgium,7,1297,3,walking,BEL,Friday,Working_day,Walking
#23:7592,Leg,kgF4dsYgK6RN1Qp0kzJVyWnDaUe2,#31:3140,50.855,4.4,50.8554.4,50.848,4.392,Brussels,BEL,Belgium,"Brussels, Belgium",Brussels,BEL,Belgium,7,1321,4,walking,BEL,Saturday,Weekend,Walking
#22:9024,Leg,U5soJC7zkmbkpx0sJN993OUa8Hw2,#33:3678,50.847,4.354,50.8474.354,50.845,4.34,Brussels,BEL,Belgium,"Brussels, Belgium",Brussels,BEL,Belgium,7,1333,4,walking,BEL,Sunday,Weekend,Walking
#22:24828,Leg,mpZERtkvTXdB3hEpinkwriiX2Mh1,#32:10508,50.847,4.351,50.8474.351,50.856,4.353,Brussels,BEL,Belgium,"Brussels, Belgium",Brussels,BEL,Belgium,7,1372,5,walking,BEL,Wednesday,Working_day,Walking
#25:20729,Leg,9sjoMM7wJEWt2X4yfZkS03qQiHE3,#32:8786,50.87,4.388,50.874.388,50.867,4.374,Brussels,BEL,Belgium,"Brussels, Belgium",Brussels,BEL,Belgium,7,1394,3,walking,BEL,Thursday,Working_day,Walking
#24:25880,Leg,ScbvqnrCywYbFcB3s6bMJNBf1v33,#30:11119,50.849,4.378,50.8494.378,50.85,4.39,Brussels,BEL,Belgium,"Brussels, Belgium",Brussels,BEL,Belgium,7,1402,3,walking,BEL,Friday,Working_day,Walking
#22:15174,Leg,btU0wMa5UAdVIzaf66s50bdPJOx2,#33:6294,50.85,4.355,50.854.355,50.854,4.357,Brussels,BEL,Belgium,"Brussels, Belgium",Brussels,BEL,Belgium,7,1421,5,walking,BEL,Thursday,Working_day,Walking
#22:9275,Leg,O88QbwQ6ghOcPHJ94xPjI230VcB3,#31:3838,50.845,4.385,50.8454.385,50.853,4.38,Brussels,BEL,Belgium,"Brussels, Belgium",Brussels,BEL,Belgium,7,1431,4,walking,BEL,Wednesday,Working_day,Walking
#22:9291,Leg,mjrFDbCO6LeTtnVqi0zPxfbrYLG3,#30:3867,50.848,4.399,50.8484.399,50.847,4.381,Brussels,BEL,Belgium,"Brussels, Belgium",Brussels,BEL,Belgium,7,1441,5,walking,BEL,Wednesday,Working_day,Walking
#23:15346,Leg,xNYM910kV9SpRzfF8oMLTEa2ItS2,#32:6402,50.848,4.391,50.8484.391,50.855,4.401,Brussels,BEL,Belgium,"Brussels, Belgium",Brussels,BEL,Belgium,7,1463,6,walking,BEL,Sunday,Weekend,Walking
#24:20848,Leg,TWq1AUbD1zfNesNCbdLWK1vMhO22,#30:8908,50.56,4.695,50.564.695,50.55,4.695,Brussels,BEL,Belgium,"Brussels, Belgium",Brussels,BEL,Belgium,7,1479,5,walking,BEL,Saturday,Weekend,Walking
#23:25571,Leg,POR9veMucRQ5bVVLqBGmHsMJoJ62,#32:10874,50.839,4.362,50.8394.362,50.849,4.367,Brussels,BEL,Belgium,"Brussels, Belgium",Brussels,BEL,Belgium,7,1497,4,walking,ITA,Wednesday,Working_day,Walking
#23:8466,Leg,IGpJc0Az17bxe4MT6pHDx6lQ3LD2,#32:3465,50.849,4.343,50.8494.343,50.86,4.347,Brussels,BEL,Belgium,"Brussels, Belgium",Brussels,BEL,Belgium,7,1562,3,walking,BEL,Thursday,Working_day,Walking
#25:4217,Leg,yXPR9mf9wfMU0yjf89NcbtRMudf1,#33:1722,50.845,4.385,50.8454.385,50.838,4.372,Brussels,BEL,Belgium,"Brussels, Belgium",Brussels,BEL,Belgium,7,1602,4,walking,BEL,Monday,Working_day,Walking
#23:9003,Leg,U5soJC7zkmbkpx0sJN993OUa8Hw2,#30:3758,50.85,4.361,50.854.361,50.85,4.354,Brussels,BEL,Belgium,"Brussels, Belgium",Brussels,BEL,Belgium,7,1610,5,walking,BEL,Sunday,Weekend,Walking
#22:20634,Leg,BWXFf52ta0fyBIXsXEStC3MUkwp2,#31:8746,50.725,4.49,50.7254.49,50.73,4.475,Brussels,BEL,Belgium,"Brussels, Belgium",Brussels,BEL,Belgium,7,1660,5,walking,BEL,Friday,Working_day,Walking
#22:8435,Leg,OURmBjDhgohvI2HiJC2PW6QdX2x2,#32:3442,50.834,4.34,50.8344.34,50.832,4.341,Brussels,BEL,Belgium,"Brussels, Belgium",Brussels,BEL,Belgium,7,1667,3,walking,BEL,Wednesday,Working_day,Walking
#23:26370,Leg,mpZERtkvTXdB3hEpinkwriiX2Mh1,#30:11285,50.858,4.352,50.8584.352,50.846,4.348,Brussels,BEL,Belgium,"Brussels, Belgium",Brussels,BEL,Belgium,7,1711,5,walking,BEL,Saturday,Weekend,Walking
#24:5619,Leg,O88QbwQ6ghOcPHJ94xPjI230VcB3,#30:2345,50.846,4.41,50.8464.41,50.842,4.401,Brussels,BEL,Belgium,"Brussels, Belgium",Brussels,BEL,Belgium,7,1717,5,walking,BEL,Wednesday,Working_day,Walking
#23:20899,Leg,Zj62iyVNq2PEAWH6kVatEsZu5tv1,#30:8910,50.925,4.41,50.9254.41,50.93,4.425,Brussels,BEL,Belgium,"Brussels, Belgium",Brussels,BEL,Belgium,7,1729,5,walking,BEL,Saturday,Weekend,Walking
#25:15018,Leg,z5TAgZnoItOaDS6gMWU6SfadU4A2,#30:6371,50.831,4.351,50.8314.351,50.837,4.335,Brussels,BEL,Belgium,"Brussels, Belgium",Brussels,BEL,Belgium,7,1742,5,walking,PRT,Thursday,Working_day,Walking
#22:25119,Leg,t9qpQxe8N3gN7NQVHf6FodRYBug1,#30:10744,50.845,4.385,50.8454.385,50.838,4.372,Brussels,BEL,Belgium,"Brussels, Belgium",Brussels,BEL,Belgium,7,1765,4,walking,BEL,Thursday,Working_day,Walking
#24:11339,Leg,k609tTRuLjPcXlYjQi3oPDYZ0702,#30:4750,50.846,4.358,50.8464.358,50.844,4.38,Brussels,BEL,Belgium,"Brussels, Belgium",Brussels,BEL,Belgium,7,1786,5,walking,BEL,Tuesday,Working_day,Walking
#23:8367,Leg,EsMeK2dBeIXa15O5NIgXYju6wYB3,#31:3456,50.84,4.319,50.844.319,50.837,4.335,Brussels,BEL,Belgium,"Brussels, Belgium",Brussels,BEL,Belgium,7,1837,5,walking,BEL,Wednesday,Working_day,Walking
#22:19769,Leg,i6dRturrJVgBen3UlwReo1M698f1,#31:8334,50.843,4.382,50.8434.382,50.835,4.4,Brussels,BEL,Belgium,"Brussels, Belgium",Brussels,BEL,Belgium,7,1850,3,walking,BEL,Tuesday,Working_day,Walking
#25:5596,Leg,O88QbwQ6ghOcPHJ94xPjI230VcB3,#33:2276,50.845,4.385,50.8454.385,50.841,4.401,Brussels,BEL,Belgium,"Brussels, Belgium",Brussels,BEL,Belgium,7,1868,5,walking,BEL,Thursday,Working_day,Walking
#23:24711,Leg,t9qpQxe8N3gN7NQVHf6FodRYBug1,#31:10523,50.845,4.385,50.8454.385,50.838,4.372,Brussels,BEL,Belgium,"Brussels, Belgium",Brussels,BEL,Belgium,7,1883,4,walking,BEL,Wednesday,Working_day,Walking
#25:7567,Leg,kgF4dsYgK6RN1Qp0kzJVyWnDaUe2,#33:3089,50.833,4.342,50.8334.342,50.839,4.364,Brussels,BEL,Belgium,"Brussels, Belgium",Brussels,BEL,Belgium,7,2057,4,walking,BEL,Wednesday,Working_day,Walking
#23:11861,Leg,O88QbwQ6ghOcPHJ94xPjI230VcB3,#31:4932,50.843,4.362,50.8434.362,50.844,4.384,Brussels,BEL,Belgium,"Brussels, Belgium",Brussels,BEL,Belgium,7,2136,4,walking,BEL,Friday,Working_day,Walking
#24:23304,Leg,4ZfTYSt0erSVLAeGC28PY1Z8bbS2,#32:9930,50.865,4.348,50.8654.348,50.852,4.348,Brussels,BEL,Belgium,"Brussels, Belgium",Brussels,BEL,Belgium,7,2184,5,walking,BEL,Sunday,Weekend,Walking
#22:32197,Leg,IYFqKamhclckUqabBsHOiCNPbcd2,#33:13683,50.839,4.373,50.8394.373,50.847,4.391,Brussels,BEL,Belgium,"Brussels, Belgium",Brussels,BEL,Belgium,7,2332,5,walking,BEL,Wednesday,Working_day,Walking
#22:4285,Leg,yXPR9mf9wfMU0yjf89NcbtRMudf1,#30:1788,50.838,4.372,50.8384.372,50.846,4.349,Brussels,BEL,Belgium,"Brussels, Belgium",Brussels,BEL,Belgium,7,2380,4,walking,BEL,Monday,Working_day,Walking
#24:24662,Leg,t9qpQxe8N3gN7NQVHf6FodRYBug1,#32:10468,50.838,4.373,50.8384.373,50.845,4.357,Brussels,BEL,Belgium,"Brussels, Belgium",Brussels,BEL,Belgium,7,2449,4,walking,BEL,Wednesday,Working_day,Walking
#23:18904,Leg,ScbvqnrCywYbFcB3s6bMJNBf1v33,#30:8011,50.851,4.39,50.8514.39,50.86,4.361,Brussels,BEL,Belgium,"Brussels, Belgium",Brussels,BEL,Belgium,7,2938,2,walking,BEL,Saturday,Weekend,Walking
#22:7652,Leg,kgF4dsYgK6RN1Qp0kzJVyWnDaUe2,#30:3169,50.831,4.342,50.8314.342,50.831,4.359,Brussels,BEL,Belgium,"Brussels, Belgium",Brussels,BEL,Belgium,7,2956,5,walking,BEL,Wednesday,Working_day,Walking
#23:29140,Leg,gqnXZ8qXiEaljj91T3koMeG2NPx2,#33:12347,50.823,4.354,50.8234.354,50.849,4.37,Brussels,BEL,Belgium,"Brussels, Belgium",Brussels,BEL,Belgium,7,3070,4,walking,ESP,Friday,Working_day,Walking
#24:33132,Leg,IYFqKamhclckUqabBsHOiCNPbcd2,#33:14131,50.852,4.344,50.8524.344,50.838,4.373,Brussels,BEL,Belgium,"Brussels, Belgium",Brussels,BEL,Belgium,7,3246,5,walking,BEL,Thursday,Working_day,Walking
#22:7125,Leg,kgF4dsYgK6RN1Qp0kzJVyWnDaUe2,#32:2900,50.847,4.391,50.8474.391,50.85,4.369,Brussels,BEL,Belgium,"Brussels, Belgium",Brussels,BEL,Belgium,7,3405,5,walking,BEL,Friday,Working_day,Walking
#23:4282,Leg,yXPR9mf9wfMU0yjf89NcbtRMudf1,#32:1746,50.845,4.385,50.8454.385,50.82,4.393,Brussels,BEL,Belgium,"Brussels, Belgium",Brussels,BEL,Belgium,7,3409,4,walking,BEL,Tuesday,Working_day,Walking
#25:22530,Leg,9sjoMM7wJEWt2X4yfZkS03qQiHE3,#31:9663,50.837,4.359,50.8374.359,50.834,4.357,Brussels,BEL,Belgium,"Brussels, Belgium",Brussels,BEL,Belgium,7,3507,3,walking,BEL,Friday,Working_day,Walking
#22:4480,Leg,EZYvr1fxdtQkC9YLYuDXOMKpcQG2,#33:1807,50.839,4.37,50.8394.37,50.85,4.399,Brussels,BEL,Belgium,"Brussels, Belgium",Brussels,BEL,Belgium,7,3731,4,walking,ESP,Wednesday,Working_day,Walking
#25:27186,Leg,Dd8cgjBAc2MHYgSwcMugds47NOu2,#30:11669,50.84,4.38,50.844.38,50.854,4.342,Brussels,BEL,Belgium,"Brussels, Belgium",Brussels,BEL,Belgium,7,3750,5,walking,PRT,Monday,Working_day,Walking
#23:26252,Leg,TtKfRLxsY2av6SFrPi3iBtsjfAi1,#32:11156,50.899,4.335,50.8994.335,50.898,4.335,Brussels,BEL,Belgium,"Brussels, Belgium",Brussels,BEL,Belgium,7,4241,4.667,walking,BEL,Saturday,Weekend,Walking
